movie_title,title,review,rating,helpful,total,date,topic,sentiment_score,subjectivity,person_name
Changeling," A true story....but still hard to swallow
","If it wasn""t - you""d find it very hard to swallow .",6,2,6,16 March 2009,story_plot,2,S,None
Changeling," A true story....but still hard to swallow
",First things first - the title ? Changeling ? I must confess I had never heard that word before,6,2,6,16 March 2009,story_plot,3,O,None
Changeling," A true story....but still hard to swallow
",and did not know what it meant .,6,2,6,16 March 2009,story_plot,3,O,None
Changeling," A true story....but still hard to swallow
","I looked it up and found this "" ( in folklore ) an ugly , stupid , or strange child left by fairies in place of a pretty , charming child .",6,2,6,16 March 2009,story_plot,3,O,None
Changeling," A true story....but still hard to swallow
",""" Good description .",6,2,6,16 March 2009,writing_dialogue,4,S,None
Changeling," A true story....but still hard to swallow
",A single mother - Jolie - goes to work leaving her 9 year old son at home alone .,6,2,6,16 March 2009,story_plot,3,O,Jolie
Changeling," A true story....but still hard to swallow
",She returns to an empty house .,6,2,6,16 March 2009,story_plot,3,O,None
Changeling," A true story....but still hard to swallow
",A few months later the police tell her that they have found her son -,6,2,6,16 March 2009,story_plot,3,O,None
Changeling," A true story....but still hard to swallow
","but when she sees this "" found "" boy - it is not her kid .",6,2,6,16 March 2009,story_plot,3,O,None
Changeling," A true story....but still hard to swallow
","The cops however coerce her to "" try out the boy for a few weeks "" . She does so",6,2,6,16 March 2009,story_plot,3,O,None
Changeling," A true story....but still hard to swallow
","but Jolie""s character maintains her stance and continues to rail against the LAPD protesting that her boy is still out there somewhere .",6,2,6,16 March 2009,story_plot,3,O,None
Changeling," A true story....but still hard to swallow
","It is set in the 1920""s and 30""s America where Jolie has a telephone exchange job and lives quite well in a nice house , nice neighbourhood alone with only her son as company .",6,2,6,16 March 2009,story_plot,3,O,None
Changeling," A true story....but still hard to swallow
","The sets are great , the attention to detail spot on - nothing to complain about here .",6,2,6,16 March 2009,artistic_design,5,S,None
Changeling," A true story....but still hard to swallow
",The acting too is impressive .,6,2,6,16 March 2009,acting_performance,5,S,None
Changeling," A true story....but still hard to swallow
","Do I like Jolie ? Not really .... I can not see what the fuss is about her on the looks front ( she doesn""t do it for me I""m afraid )",6,2,6,16 March 2009,acting_performance,2,S,Jolie
Changeling," A true story....but still hard to swallow
",and some of her films leave a little to be desired also .,6,2,6,16 March 2009,acting_performance,2,S,Jolie
Changeling," A true story....but still hard to swallow
","But I won""t knock her for this performance - she was solid",6,2,6,16 March 2009,acting_performance,4,S,None
Changeling," A true story....but still hard to swallow
",and played her character well - as a decent human being but also a strong representation of a single woman in an age where equality had not yet surfaced .,6,2,6,16 March 2009,character_development,4,S,None
Changeling," A true story....but still hard to swallow
",Her whole celebrity persona turns me off her a little ( well a lot actually ),6,2,6,16 March 2009,acting_performance,2,S,None
Changeling," A true story....but still hard to swallow
",but I tried to put that to one side when watching this movie and give her a fair shot at impressing me . She did .,6,2,6,16 March 2009,acting_performance,4,S,None
Changeling," A true story....but still hard to swallow
",They are the good things about the movie .... Are there any bad things ? Of course .... Eastwood directed it so there is going to be a couple of glaringly obvious things in there somewhere .,6,2,6,16 March 2009,filmmaking_direction,3,S,Eastwood
Changeling," A true story....but still hard to swallow
",The first - and most obvious - comes when Jolie arrives home to find her son gone .,6,2,6,16 March 2009,story_plot,3,O,Jolie
Changeling," A true story....but still hard to swallow
","Before leaving to do some unscheduled work at the office , Jolie tells her boy that she will be back at 4PM",6,2,6,16 March 2009,story_plot,3,O,Jolie
Changeling," A true story....but still hard to swallow
",and that a neighbour and her daughter will come over to spend a couple hours with him .,6,2,6,16 March 2009,story_plot,3,O,None
Changeling," A true story....but still hard to swallow
","But when she gets back home , the kid is gone ,",6,2,6,16 March 2009,story_plot,3,O,None
Changeling," A true story....but still hard to swallow
","and she first looks through the house , then asks some kids on the street if they""ve seen him ,",6,2,6,16 March 2009,story_plot,3,O,None
Changeling," A true story....but still hard to swallow
",and finally phones the police .,6,2,6,16 March 2009,story_plot,3,O,None
Changeling," A true story....but still hard to swallow
","They ask her when he disappeared ,",6,2,6,16 March 2009,story_plot,3,O,None
Changeling," A true story....but still hard to swallow
","and she replies "" I don""t know .",6,2,6,16 March 2009,story_plot,3,O,None
Changeling," A true story....but still hard to swallow
","It could have been this morning , or only an hour ago "" .",6,2,6,16 March 2009,story_plot,3,O,None
Changeling," A true story....but still hard to swallow
","Why did she not get in touch with the woman who was supposed to come over for a couple of hours ? Shouldn""t that have been the FIRST person she would have contacted ? The woman could have given her (",6,2,6,16 March 2009,story_plot,3,O,None
Changeling," A true story....but still hard to swallow
",and the police ) an idea of WHEN the kid disappeared .,6,2,6,16 March 2009,story_plot,3,O,None
Changeling," A true story....but still hard to swallow
",She should also have contacted the woman to see if maybe he was at her house .,6,2,6,16 March 2009,story_plot,3,O,None
Changeling," A true story....but still hard to swallow
","Unfortunately , the woman seems to have just been entirely forgotten by the script ... This is a glaring and sloppy error in the film""s logic .",6,2,6,16 March 2009,writing_dialogue,2,S,None
Changeling," A true story....but still hard to swallow
",How could they let that slip by ? A simple scene showing her talking to this woman would suffice - or a scene to inform the audience that no such woman existed - maybe she just told her boy this story to get him to remain indoors,6,2,6,16 March 2009,story_plot,2,S,None
Changeling," A true story....but still hard to swallow
",and give him a sense of security .,6,2,6,16 March 2009,themes_messages,3,O,None
Changeling," A true story....but still hard to swallow
",One or the other should have happened - but none did .,6,2,6,16 March 2009,story_plot,2,S,None
Changeling," A true story....but still hard to swallow
","Another biggie for me was the motivation behind the "" impostor "" boy .",6,2,6,16 March 2009,story_plot,2,S,None
Changeling," A true story....but still hard to swallow
",The reason why a small boy would pretend to be a missing child ( to move to LA to meet a Hollywood actor ) is preposterous,6,2,6,16 March 2009,story_plot,2,S,None
Changeling," A true story....but still hard to swallow
",and dealt with so matter - of - factly - it was disgraceful .,6,2,6,16 March 2009,writing_dialogue,1,S,None
Changeling," A true story....but still hard to swallow
",How he got the idea and who encouraged him are inadequately provided .,6,2,6,16 March 2009,story_plot,2,S,None
Changeling," A true story....but still hard to swallow
","Also , how a 9 year old kid could fool the entire LAPD , doctors , medical people etc .",6,2,6,16 March 2009,story_plot,2,S,None
Changeling," A true story....but still hard to swallow
",Into being someone he is not - is amazingly portrayed .,6,2,6,16 March 2009,acting_performance,5,S,None
Changeling," A true story....but still hard to swallow
",We get some back story implying the LAPD are a corrupt lot with a platoon of gun - toting death squads killing off any competition on the streets to their ill - gotten schemes .,6,2,6,16 March 2009,story_plot,3,O,None
Changeling," A true story....but still hard to swallow
",But yet these hardened guys could not break a 9 year old boy into telling the truth ? Unbelievable .,6,2,6,16 March 2009,story_plot,2,S,None
Changeling," A true story....but still hard to swallow
",Not only that but the Juvenile police officer had a PHOTOGRAPH of the missing boy - that clearly does not look REMOTELY like this impostor -,6,2,6,16 March 2009,story_plot,2,S,None
Changeling," A true story....but still hard to swallow
",but yet they never mentioned that in the story .,6,2,6,16 March 2009,story_plot,2,S,None
Changeling," A true story....but still hard to swallow
","Further on in the movie - a 15 year kid implicated in the disappearance and murder of the boy recognizes the missing kid from the photo straight off - without hesitation , even though he was in a distressed state .",6,2,6,16 March 2009,story_plot,3,O,None
Changeling," A true story....but still hard to swallow
",I suppose because this is a true story - a lot of these issues are brushed aside -,6,2,6,16 March 2009,story_plot,2,S,None
Changeling," A true story....but still hard to swallow
",but for me the film did not try to even explain the basic problems here .,6,2,6,16 March 2009,story_plot,2,S,None
Changeling," A true story....but still hard to swallow
","The whole premise of the story hinges on the boy""s disappearance and the subsequent "" finding "" -",6,2,6,16 March 2009,story_plot,3,O,None
Changeling," A true story....but still hard to swallow
",but both of these events are littered with problems .,6,2,6,16 March 2009,story_plot,2,S,None
Changeling," A true story....but still hard to swallow
","If your basic core of the movie is in trouble - no amount of good acting , fancy sets etc .",6,2,6,16 March 2009,acting_performance,3,S,None
Changeling," A true story....but still hard to swallow
",Around the edges will save it .,6,2,6,16 March 2009,viewing_experience,3,S,None
Changeling," A true story....but still hard to swallow
",This is not a bad film - far from it -,6,2,6,16 March 2009,viewing_experience,4,S,None
Changeling," A true story....but still hard to swallow
",but it is not the classic people whittle on about either .,6,2,6,16 March 2009,viewing_experience,3,S,None
Changeling," A true story....but still hard to swallow
",For me it was a little slow too,6,2,6,16 March 2009,editing_pacing,2,S,None
Changeling," A true story....but still hard to swallow
","and coming in at a bum numbing 140 minutes doesn""t help its case one iota .",6,2,6,16 March 2009,editing_pacing,2,S,None
Changeling," A true story....but still hard to swallow
","Eastwood is a good lad , a solid lad - but needs to speed things up a little at times - and a lot at other times . 6/10 .",6,2,6,16 March 2009,acting_performance,3,S,Eastwood
3:10 to Yuma," Yu Ma want to skip this one .....
",3 : 10 to Yuma is an awful film .,2,4,6,26 April 2017,viewing_experience,1,S,None
3:10 to Yuma," Yu Ma want to skip this one .....
",Something that I can not believe the likes of Crowe / Bale / Mangold ever got involved in .,2,4,6,26 April 2017,casting_choices,2,S,"Crowe, Bale, Mangold"
3:10 to Yuma," Yu Ma want to skip this one .....
",I mean - did they even read the script beforehand ? It makes absolutely no sense whatsoever .,2,4,6,26 April 2017,writing_dialogue,1,S,None
3:10 to Yuma," Yu Ma want to skip this one .....
","The amount of unbelievable situations this flick throws up is .... How can I say it ? Unbelievable ! ! ! ! Here""s just a quick flavour of what""s wrong in this picture : - Peter Fonda""s character gets gut shot at point blank range , carried into town on a horse , operated on by a vet and still leads a posse to track Crowe the very next day .",2,4,6,26 April 2017,story_plot,2,S,"Peter Fonda, Crowe"
3:10 to Yuma," Yu Ma want to skip this one .....
","Or it could even have been the same day ! ! - Crowe is a master criminal- so smart he""s robbed the railroad umpteen times",2,4,6,26 April 2017,story_plot,2,S,Crowe
3:10 to Yuma," Yu Ma want to skip this one .....
","but instead of heading to Mexico with his gang he waits around for the Marshall""s to capture him - even having a drink with Bale as he waits .",2,4,6,26 April 2017,story_plot,2,S,"Crowe, Bale"
3:10 to Yuma," Yu Ma want to skip this one .....
",- Bale got his foot blown off in the Civil War,2,4,6,26 April 2017,story_plot,3,O,Bale
3:10 to Yuma," Yu Ma want to skip this one .....
",and hobbles most of the time - yet is able to run and jump in the dramatic conclusion like Usain Bolt .,2,4,6,26 April 2017,story_plot,2,S,Bale
3:10 to Yuma," Yu Ma want to skip this one .....
",- Crowe is supposed to be a psycho yet runs with Bale trying to avoid his own men from setting him free .,2,4,6,26 April 2017,story_plot,2,S,"Crowe, Bale"
3:10 to Yuma," Yu Ma want to skip this one .....
",He must have had a 1000 chances to run the other way and escape .,2,4,6,26 April 2017,story_plot,2,S,None
3:10 to Yuma," Yu Ma want to skip this one .....
",I can not go on as I would literally bust the 1000 word review limit on IMDb just simply pointing out the ridiculous premise of this movie .,2,4,6,26 April 2017,story_plot,2,S,None
3:10 to Yuma," Yu Ma want to skip this one .....
",No wonder Cruise turned it down .,2,4,6,26 April 2017,casting_choices,2,S,Tom Cruise
3:10 to Yuma," Yu Ma want to skip this one .....
",He probably thought it was a joke . He was right .,2,4,6,26 April 2017,expectation,2,S,None
3:10 to Yuma," Yu Ma want to skip this one .....
",The acting is pretty good - Crowe is quiet and simmering even though he has an unplayable part in my view .,2,4,6,26 April 2017,acting_performance,4,S,Russell Crowe
3:10 to Yuma," Yu Ma want to skip this one .....
",His character simply has no logic to him .,2,4,6,26 April 2017,character_development,2,S,None
3:10 to Yuma," Yu Ma want to skip this one .....
",Bale is brooding and excellent as always -,2,4,6,26 April 2017,acting_performance,5,S,Christian Bale
3:10 to Yuma," Yu Ma want to skip this one .....
","but again , his character makes some decisions that can not be explained .",2,4,6,26 April 2017,character_development,2,S,None
3:10 to Yuma," Yu Ma want to skip this one .....
",Idiotic is too kind a word .,2,4,6,26 April 2017,acting_performance,1,S,None
3:10 to Yuma," Yu Ma want to skip this one .....
",Foster is eating the scenery as usual -,2,4,6,26 April 2017,acting_performance,4,S,Jodie Foster
3:10 to Yuma," Yu Ma want to skip this one .....
",but also good in his over the top way .,2,4,6,26 April 2017,acting_performance,4,S,Jodie Foster
3:10 to Yuma," Yu Ma want to skip this one .....
","The direction is OK , cinematography fine .",2,4,6,26 April 2017,filmmaking_direction,3,S,None
3:10 to Yuma," Yu Ma want to skip this one .....
","It""s just the story line , premise , screenplay that literally makes no sense scene after scene , page after page until the end that has to be watched to be disbelieved .",2,4,6,26 April 2017,writing_dialogue,1,S,None
3:10 to Yuma," Yu Ma want to skip this one .....
","Or better still - don""t watch it .",2,4,6,26 April 2017,recommendation,1,S,None
3:10 to Yuma," Yu Ma want to skip this one .....
","Skip the 3 : 10 guys and hope there""s a better train behind it . 2/10 - Awful .",2,4,6,26 April 2017,recommendation,1,S,None
The Way Back," A long walk would be better for you than watching this...
",I watched this with only a basic understanding of what the background was to the story .,5,12,24,14 April 2011,expectation,3,O,None
The Way Back," A long walk would be better for you than watching this...
","Also - I did not know previously that it was Peter Weir""s first film for 7 years .",5,12,24,14 April 2011,commercial_context,3,O,Peter Weir
The Way Back," A long walk would be better for you than watching this...
",He should have stayed where he was .,5,12,24,14 April 2011,recommendation,1,S,None
The Way Back," A long walk would be better for you than watching this...
",The premise of the story is an extraordinary one - a group of prisoners escape from a Siberian Gulag during the second world war,5,12,24,14 April 2011,story_plot,4,S,None
The Way Back," A long walk would be better for you than watching this...
",and manage to walk all the way to India .,5,12,24,14 April 2011,story_plot,3,O,None
The Way Back," A long walk would be better for you than watching this...
",Amazing stuff - especially as it is supposed to be true .,5,12,24,14 April 2011,emotion,5,S,None
The Way Back," A long walk would be better for you than watching this...
","However , the articulation of this story left me disappointed .",5,12,24,14 April 2011,writing_dialogue,2,S,None
The Way Back," A long walk would be better for you than watching this...
",The opening credits tell you the entire story from start to finish through the use of a couple of sentences .,5,12,24,14 April 2011,story_plot,3,O,None
The Way Back," A long walk would be better for you than watching this...
","Because of this - the whole dynamic of "" what will happen next ? "" is taken from the viewer , as we already know the end .",5,12,24,14 April 2011,story_plot,2,S,None
The Way Back," A long walk would be better for you than watching this...
",Anyway - that disappointment aside - the story starts off well enough and a strong early performance from Mark Strong augers well .,5,12,24,14 April 2011,acting_performance,4,S,Mark Strong
The Way Back," A long walk would be better for you than watching this...
",Then what ? The escape happens - off screen - and no more Strong .,5,12,24,14 April 2011,story_plot,2,S,Mark Strong
The Way Back," A long walk would be better for you than watching this...
","Things then seem to take the repetitive , undramatic route as we embark on our looooooong journey .",5,12,24,14 April 2011,story_plot,2,S,None
The Way Back," A long walk would be better for you than watching this...
","Essentially the weak story goes like this : - escape Gulag - start walking through Siberia - encounter hardships - somebody dies - start walking through Mongolia - encounter hardships - somebody dies - start walking through China , Tibet .... Etc etc .",5,12,24,14 April 2011,story_plot,3,O,None
The Way Back," A long walk would be better for you than watching this...
",You get the picture until we end up in India .,5,12,24,14 April 2011,story_plot,3,O,None
The Way Back," A long walk would be better for you than watching this...
","And that""s it ! ! ! I ask myself - "" So what?""The characters are one dimensional at best .",5,12,24,14 April 2011,character_development,2,S,None
The Way Back," A long walk would be better for you than watching this...
","I got to the stage where I couldn""t tell one from the other .",5,12,24,14 April 2011,character_development,2,S,None
The Way Back," A long walk would be better for you than watching this...
",And as for the Polish / Russian accents .,5,12,24,14 April 2011,acting_performance,2,S,None
The Way Back," A long walk would be better for you than watching this...
","They may be authentic - I don""t know -",5,12,24,14 April 2011,acting_performance,3,S,None
The Way Back," A long walk would be better for you than watching this...
","but the fact that I see two Irish actors ( Farrell and Ronan ) with strange accents didn""t help matters .",5,12,24,14 April 2011,casting_choices,2,S,"Farrell, Ronan"
The Way Back," A long walk would be better for you than watching this...
",Acting : Farrell is good here to be honest .,5,12,24,14 April 2011,acting_performance,4,S,Farrell
The Way Back," A long walk would be better for you than watching this...
",He carries that menace and unpredictability around with him with great aplomb .,5,12,24,14 April 2011,acting_performance,4,S,None
The Way Back," A long walk would be better for you than watching this...
",His accent though sullies it for me .,5,12,24,14 April 2011,casting_choices,2,S,None
The Way Back," A long walk would be better for you than watching this...
",Harris and Ronan are okay too .,5,12,24,14 April 2011,acting_performance,3,S,"Harris, Ronan"
The Way Back," A long walk would be better for you than watching this...
","However , Burgess didn""t do it for me .",5,12,24,14 April 2011,acting_performance,2,S,Burgess
The Way Back," A long walk would be better for you than watching this...
","His presence , or lack of it , let the film down I fear .",5,12,24,14 April 2011,acting_performance,2,S,Burgess
The Way Back," A long walk would be better for you than watching this...
",But he is new enough to this game so it might get better for him - if he gets another chance .,5,12,24,14 April 2011,acting_performance,3,S,Burgess
The Way Back," A long walk would be better for you than watching this...
",Photography : As you would expect - the landscape dominates the story,5,12,24,14 April 2011,technical_visuals,3,O,None
The Way Back," A long walk would be better for you than watching this...
",and is captured beautifully .,5,12,24,14 April 2011,technical_visuals,3,O,None
The Way Back," A long walk would be better for you than watching this...
",Overall - watching the film was just as much of an endurance test as the walk itself .,5,12,24,14 April 2011,viewing_experience,2,S,None
The Way Back," A long walk would be better for you than watching this...
",And the rushed ending twee to the extreme . Poor - 5/10 .,5,12,24,14 April 2011,story_plot,2,S,None
Gone Baby Gone," Great Movie.....
",I have wanted to watch Gone Baby Gone for some time now,9,0,2,20 January 2009,expectation,3,S,None
Gone Baby Gone," Great Movie.....
",but missed it on its cinema release .,9,0,2,20 January 2009,expectation,3,S,None
Gone Baby Gone," Great Movie.....
",Finally caught up with it this weekend on DVD .,9,0,2,20 January 2009,viewing_experience,3,S,None
Gone Baby Gone," Great Movie.....
","Ben Affleck""s directorial debut is nothing short of breath - taking .",9,0,2,20 January 2009,filmmaking_direction,5,S,Ben Affleck
Gone Baby Gone," Great Movie.....
","For a guy who had never lensed before , this is a truly remarkable feat .",9,0,2,20 January 2009,filmmaking_direction,5,S,Ben Affleck
Gone Baby Gone," Great Movie.....
","Direction was spot on , pacing was solid and the story unfolded at just the right momentum .",9,0,2,20 January 2009,filmmaking_direction,5,S,None
Gone Baby Gone," Great Movie.....
","I loved Affleck and Damon""s Good Will Hunting - their screenplay and acting superb in that flick -",9,0,2,20 January 2009,writing_dialogue,5,S,"Ben Affleck, Matt Damon"
Gone Baby Gone," Great Movie.....
",but he has done it again here with this one .,9,0,2,20 January 2009,filmmaking_direction,3,S,None
Gone Baby Gone," Great Movie.....
","I won""t go into the synopsis of the movie as everybody knows it by now -",9,0,2,20 January 2009,story_plot,3,O,None
Gone Baby Gone," Great Movie.....
",but i will say that it really gets you thinking at the end .,9,0,2,20 January 2009,themes_messages,4,S,None
Gone Baby Gone," Great Movie.....
",A moral decision has to be made,9,0,2,20 January 2009,themes_messages,3,O,None
Gone Baby Gone," Great Movie.....
","and it is something that , personally , I thought was the wrong decision by the main character .",9,0,2,20 January 2009,character_development,2,S,None
Gone Baby Gone," Great Movie.....
","The scenes in this movie were very realistic - not flash , trumped up over - indulgent luvvy camera work - but simple , straight - forward and effective .",9,0,2,20 January 2009,technical_visuals,4,S,None
Gone Baby Gone," Great Movie.....
",Casey Affleck was great in the lead role ( his first lead ? ? ? ),9,0,2,20 January 2009,acting_performance,4,S,Casey Affleck
Gone Baby Gone," Great Movie.....
",and carried the movie very well .,9,0,2,20 January 2009,acting_performance,4,S,Casey Affleck
Gone Baby Gone," Great Movie.....
","If there was to be one criticism to level at this film - it would be Casey""s delivery of his lines .",9,0,2,20 January 2009,acting_performance,2,S,Casey Affleck
Gone Baby Gone," Great Movie.....
",At times they were mumbled and coupled with his thick Boston accent meant for a lot straining of ears and rewinds to catch what he had just said .,9,0,2,20 January 2009,acting_performance,2,S,Casey Affleck
Gone Baby Gone," Great Movie.....
","I don""t like figuring out the end of movies ( sixth sense caught me completely cold )",9,0,2,20 January 2009,story_plot,2,S,None
Gone Baby Gone," Great Movie.....
",but this one leaves ample clues all the way through that you will figure what happens well before the reveal .,9,0,2,20 January 2009,story_plot,3,O,None
Gone Baby Gone," Great Movie.....
",But for some reason that did not spoil it for me .,9,0,2,20 January 2009,viewing_experience,3,S,None
Gone Baby Gone," Great Movie.....
",The end scene was a tremendous way to close the movie ( not unlike the end of Good Will Hunting either if you think about it ) .,9,0,2,20 January 2009,story_plot,4,S,None
Gone Baby Gone," Great Movie.....
",For me - this was a breath of fresh air and a thoroughly enjoyable film .,9,0,2,20 January 2009,viewing_experience,5,S,None
Gone Baby Gone," Great Movie.....
",Well done the Brothers Affleck . 8/10 .,9,0,2,20 January 2009,acting_performance,4,S,Brothers Affleck
Face_Off," Complete Ham-fisted effort
","When John Woo burst onto the American movie - making scene , he was marked for greatness as a ground - breaking director .",5,0,1,22 April 2008,filmmaking_direction,4,S,John Woo
Face_Off," Complete Ham-fisted effort
","But to be honest , he has been found out .",5,0,1,22 April 2008,filmmaking_direction,2,S,John Woo
Face_Off," Complete Ham-fisted effort
","There are only so much slow - mo , doves flying and sterile action sequences a man can take - and Woo has run dry .",5,0,1,22 April 2008,filmmaking_direction,2,S,John Woo
Face_Off," Complete Ham-fisted effort
","Van Damme""s Hard Target was an introduction to Woo - with the poetic jumping and shooting uncountable bullets with two guns whilst twirling in the air .",5,0,1,22 April 2008,story_plot,3,O,None
Face_Off," Complete Ham-fisted effort
",It was good - if you were twelve .,5,0,1,22 April 2008,viewing_experience,3,S,None
Face_Off," Complete Ham-fisted effort
",Later - MI : 2 - which is most definitely the most atrocious film Cruise has ever done (,5,0,1,22 April 2008,acting_performance,1,S,Tom Cruise
Face_Off," Complete Ham-fisted effort
",and yes I am including Far and Away in that ) .,5,0,1,22 April 2008,acting_performance,1,S,None
Face_Off," Complete Ham-fisted effort
","Woo just wasn""t able to sustain one ounce of dramatic license in an incomprehensible sequence of events .",5,0,1,22 April 2008,story_plot,1,S,None
Face_Off," Complete Ham-fisted effort
",Somewhere in between lies Face / Off .,5,0,1,22 April 2008,story_plot,3,O,None
Face_Off," Complete Ham-fisted effort
",The premise is ridiculous in the extreme .,5,0,1,22 April 2008,story_plot,2,S,None
Face_Off," Complete Ham-fisted effort
",Just listen to Cage / Travolta explaining it in the movie,5,0,1,22 April 2008,acting_performance,3,O,"Nicolas Cage, John Travolta"
Face_Off," Complete Ham-fisted effort
",and you can almost hear the laughter off screen .,5,0,1,22 April 2008,viewing_experience,3,O,None
Face_Off," Complete Ham-fisted effort
",The action scenes were okay -,5,0,1,22 April 2008,acting_performance,3,S,None
Face_Off," Complete Ham-fisted effort
",but just that - okay .,5,0,1,22 April 2008,acting_performance,2,S,None
Face_Off," Complete Ham-fisted effort
","Not great , not thrilling - just okay .",5,0,1,22 April 2008,viewing_experience,3,S,None
Face_Off," Complete Ham-fisted effort
",For an action film - that is not a good sign .,5,0,1,22 April 2008,expectation,2,S,None
Face_Off," Complete Ham-fisted effort
","I got ta be honest here and say that the sugary sweet nature of the film""s family tie - ins were so overblown and sickly - that I almost vomited .",5,0,1,22 April 2008,themes_messages,2,S,None
Face_Off," Complete Ham-fisted effort
",The final scene is especially nauseating .,5,0,1,22 April 2008,emotion,2,S,None
Face_Off," Complete Ham-fisted effort
",Cage is maniacal at times and Travolta reasonably straight faced -,5,0,1,22 April 2008,acting_performance,3,S,"Cage, Travolta"
Face_Off," Complete Ham-fisted effort
",but they can not save this film .,5,0,1,22 April 2008,viewing_experience,2,S,None
Face_Off," Complete Ham-fisted effort
",Plot is not a major influence on Woo and the way the film moves forward is ludicrous .,5,0,1,22 April 2008,story_plot,2,S,Woo
Face_Off," Complete Ham-fisted effort
",For me 5/10 .... And Gina Gershon bagged 3 of those points on her own ...,5,0,1,22 April 2008,acting_performance,4,S,Gina Gershon
The Transporter," was Van Damme not available ????
",All through watching this film - the thought that it was specially written for Jean Claude Vna Damme kept popping up in my head .,3,0,1,12 December 2008,casting_choices,3,S,Jean Claude Van Damme
The Transporter," was Van Damme not available ????
","The naff storyline , the kick - boxing moves , the lack of dialogue for the leading man , the army of nameless heavies , the almost compulsory Japanese bad guy / girl / even director .",3,0,1,12 December 2008,story_plot,2,S,None
The Transporter," was Van Damme not available ????
",The plot - which i will NOT go into here - is rudimentary to say the least .,3,0,1,12 December 2008,story_plot,2,S,None
The Transporter," was Van Damme not available ????
",The amount of times people just happen to turn up in scenes without any realistic semblance of how they got there is incredible - it must be a record for a movie .,3,0,1,12 December 2008,story_plot,2,S,None
The Transporter," was Van Damme not available ????
",Couple this with the total number of unrealistic stunt moves carried out,3,0,1,12 December 2008,story_plot,2,S,None
The Transporter," was Van Damme not available ????
",and you have yourself a bona - fide turkey .,3,0,1,12 December 2008,viewing_experience,2,S,None
The Transporter," was Van Damme not available ????
","For instance , trucks propel themselves forward on their own without a need for a driver , a small plane goes from a hundred feet up in the sky to thousands of feet in a blink , the hero can somehow dodge a thousand bullets",3,0,1,12 December 2008,story_plot,2,S,None
The Transporter," was Van Damme not available ????
",and still manage to incapacitate 3 bad guys with nothing more than a jumper ! ! ! I watched this knowing what it was beforehand - a cheesy action flick -,3,0,1,12 December 2008,story_plot,3,S,None
The Transporter," was Van Damme not available ????
",but it still took some swallowing to believe the plot .,3,0,1,12 December 2008,story_plot,2,S,None
The Transporter," was Van Damme not available ????
",The best award must go to the guy who somehow managed to squeeze a further 2 sequels from this franchise .,3,0,1,12 December 2008,commercial_context,2,S,None
The Transporter," was Van Damme not available ????
",After the first film - the whole cast and crew should have been sent straight to DVD dungeon never to appear again .,3,0,1,12 December 2008,casting_choices,2,S,None
The Transporter," was Van Damme not available ????
",How they convinced anyone to make another 2 movies is beyond me .,3,0,1,12 December 2008,commercial_context,2,S,None
The Transporter," was Van Damme not available ????
","The Transporter is a poor man""s Bourne -",3,0,1,12 December 2008,comparative_analysis,2,S,None
The Transporter," was Van Damme not available ????
",and that is a derisive remark to Bourne .,3,0,1,12 December 2008,comparative_analysis,2,S,None
The Transporter," was Van Damme not available ????
",If Van Damme had done this - then it would have stayed where it belonged - the bargain bin .,3,0,1,12 December 2008,casting_choices,2,S,Van Damme
The Transporter," was Van Damme not available ????
",3/10 - just for sheer cheek of conning us with this movie .,3,0,1,12 December 2008,viewing_experience,2,S,None
Gran Torino," Not without faults .... but enjoyable nonetheless....
","A lot has been written about this film - Clint""s last acting gig , an old Dirty Harry - a supposedly great film . It was not great but I enjoyed it .",7,0,3,12 March 2009,acting_performance,3,S,Clint Eastwood
Gran Torino," Not without faults .... but enjoyable nonetheless....
","I think the thing with Eastwood is - you either like him or you don""t . I like him .",7,0,3,12 March 2009,acting_performance,4,S,Clint Eastwood
Gran Torino," Not without faults .... but enjoyable nonetheless....
","Sure he""s made some terrible films in the past ( Absolute Power anyone ? )",7,0,3,12 March 2009,acting_performance,2,S,Clint Eastwood
Gran Torino," Not without faults .... but enjoyable nonetheless....
",but he more than makes up for those with his good ones ( Dollars trilogy / Josey Wales ) .,7,0,3,12 March 2009,acting_performance,4,S,Clint Eastwood
Gran Torino," Not without faults .... but enjoyable nonetheless....
",This is not his best nor his worst outing .,7,0,3,12 March 2009,acting_performance,3,S,Clint Eastwood
Gran Torino," Not without faults .... but enjoyable nonetheless....
",The character he plays is a Korean war veteran who finds himself alone in the world after the death of his wife .,7,0,3,12 March 2009,character_development,3,O,None
Gran Torino," Not without faults .... but enjoyable nonetheless....
",His neighbourhood is almost entirely occupied by Asians and after 50 years working on the Ford assembly line - finds himself with nothing in common with his kids and his only friend is his dog .,7,0,3,12 March 2009,story_plot,3,O,None
Gran Torino," Not without faults .... but enjoyable nonetheless....
",Most films these days are so PC that they lose all remnants of believability - not so this one .,7,0,3,12 March 2009,viewing_experience,4,S,None
Gran Torino," Not without faults .... but enjoyable nonetheless....
","Eastwood""s character Walt Kowalski calls it as he sees it -",7,0,3,12 March 2009,character_development,3,O,None
Gran Torino," Not without faults .... but enjoyable nonetheless....
",and does not hold back on the insults .,7,0,3,12 March 2009,character_development,3,O,None
Gran Torino," Not without faults .... but enjoyable nonetheless....
",Especially race - related ones .,7,0,3,12 March 2009,themes_messages,3,O,None
Gran Torino," Not without faults .... but enjoyable nonetheless....
",So what happens here ? Not much really .,7,0,3,12 March 2009,story_plot,2,S,None
Gran Torino," Not without faults .... but enjoyable nonetheless....
",It is a slow piece of work with no big moments ( until the end ),7,0,3,12 March 2009,editing_pacing,2,S,None
Gran Torino," Not without faults .... but enjoyable nonetheless....
",and follows the relationship between an aging old man and a good - hearted naïve young Asian boy next door .,7,0,3,12 March 2009,story_plot,3,O,None
Gran Torino," Not without faults .... but enjoyable nonetheless....
",Now that sounds a little seedy if taken out of context ;-),7,0,3,12 March 2009,viewing_experience,3,S,None
Gran Torino," Not without faults .... but enjoyable nonetheless....
",But somehow it seems to work .,7,0,3,12 March 2009,viewing_experience,4,S,None
Gran Torino," Not without faults .... but enjoyable nonetheless....
","Despite the bad acting from some of the Asian actors ( who can be excused as it was their first time in front of a camera ) and a priest actor who is in my mind the most blandest , irrelevant , worst - acted character in the whole movie ( this guy could have coloured the movie a bit if Clint put in a heavy hitter for this part - I kept thinking Norton as I watched ) - the movie still has some good things going for it .",7,0,3,12 March 2009,acting_performance,2,S,"Clint Eastwood, Norton"
Gran Torino," Not without faults .... but enjoyable nonetheless....
",The storyline is okay without being spectacular and the references to the Gran Torino in the title was not strong enough for me .,7,0,3,12 March 2009,story_plot,3,S,None
Gran Torino," Not without faults .... but enjoyable nonetheless....
","But Clint""s character is like so many of his previous reincarnations - that you just have to root for him .",7,0,3,12 March 2009,character_development,4,S,Clint Eastwood
Gran Torino," Not without faults .... but enjoyable nonetheless....
",But it is not without its faults : - The editing at times seem to make basic chronological mistakes .,7,0,3,12 March 2009,editing_pacing,2,S,None
Gran Torino," Not without faults .... but enjoyable nonetheless....
",Eastwood does tend not to follow normal film - making rules when editing films with characters popping up all over the place in adjacent scenes -,7,0,3,12 March 2009,editing_pacing,3,S,Eastwood
Gran Torino," Not without faults .... but enjoyable nonetheless....
",but a special mention here must go to the scene where Eastwood is smoking in the bath .,7,0,3,12 March 2009,story_plot,3,O,Eastwood
Gran Torino," Not without faults .... but enjoyable nonetheless....
",He tells his dog to go easy on him smoking in the house as he never does that .,7,0,3,12 March 2009,story_plot,3,O,None
Gran Torino," Not without faults .... but enjoyable nonetheless....
",Yet 5 minutes EARLIER we see him smoking in the living room with no such problems .,7,0,3,12 March 2009,story_plot,3,O,None
Gran Torino," Not without faults .... but enjoyable nonetheless....
",- Believability is stretched at times .,7,0,3,12 March 2009,story_plot,2,S,None
Gran Torino," Not without faults .... but enjoyable nonetheless....
","Eastwood pulls up to three black guys hassling Sue""s character .",7,0,3,12 March 2009,story_plot,3,O,Eastwood
Gran Torino," Not without faults .... but enjoyable nonetheless....
","He stares them all down and spits on the ground ala Josey Wales "" "" You gon na pull them pistols or whistle Dixie "" scene .",7,0,3,12 March 2009,story_plot,3,O,None
Gran Torino," Not without faults .... but enjoyable nonetheless....
","The youths are big , scary black guys - Clint is old , decrepit and even though he pulls a gun eventually - the menace is no longer there .",7,0,3,12 March 2009,character_development,2,S,Clint
Gran Torino," Not without faults .... but enjoyable nonetheless....
","He also manages to beat up a gang - hardened youth on the kid""s front lawn .",7,0,3,12 March 2009,story_plot,3,O,None
Gran Torino," Not without faults .... but enjoyable nonetheless....
","As much as I want the 78 year old "" Man - with - no - name "" throwback to exact some vengeance - is it credible ? No .",7,0,3,12 March 2009,character_development,2,S,None
Gran Torino," Not without faults .... but enjoyable nonetheless....
",- Irrelevant scenes permeate the film too .,7,0,3,12 March 2009,editing_pacing,2,S,None
Gran Torino," Not without faults .... but enjoyable nonetheless....
",Okay - it is hard to stretch out this story as not much happens,7,0,3,12 March 2009,story_plot,2,S,None
Gran Torino," Not without faults .... but enjoyable nonetheless....
",but there are still some things which do not advance the story one little bit .,7,0,3,12 March 2009,story_plot,2,S,None
Gran Torino," Not without faults .... but enjoyable nonetheless....
",The barber for instance adds nothing of worth to the plot -,7,0,3,12 March 2009,story_plot,2,S,None
Gran Torino," Not without faults .... but enjoyable nonetheless....
",and if those scenes were not there - nobody would notice .,7,0,3,12 March 2009,story_plot,3,O,None
Gran Torino," Not without faults .... but enjoyable nonetheless....
","However - having said that , the second scene where Thao has to talk tough in the barber shop is hilarious . - The acting . Hmmm . Dodgy .",7,0,3,12 March 2009,acting_performance,2,S,Thao
Gran Torino," Not without faults .... but enjoyable nonetheless....
",Clint is fine - as usual -,7,0,3,12 March 2009,acting_performance,4,S,Clint
Gran Torino," Not without faults .... but enjoyable nonetheless....
",and so is the girl Asian - Sue .,7,0,3,12 March 2009,casting_choices,3,O,Sue
Gran Torino," Not without faults .... but enjoyable nonetheless....
","The priest is terrible , Thao hit",7,0,3,12 March 2009,acting_performance,1,S,Thao
Gran Torino," Not without faults .... but enjoyable nonetheless....
",and miss and some of the Asian gang leave a lot to be desired too .,7,0,3,12 March 2009,acting_performance,2,S,None
Gran Torino," Not without faults .... but enjoyable nonetheless....
",But can you blame these guys ? No - it is their first time .,7,0,3,12 March 2009,acting_performance,3,O,None
Gran Torino," Not without faults .... but enjoyable nonetheless....
",Can you blame Clint for putting them up there ? Maybe - a little . - The end .,7,0,3,12 March 2009,casting_choices,3,S,Clint
Gran Torino," Not without faults .... but enjoyable nonetheless....
","I won""t give it away",7,0,3,12 March 2009,story_plot,3,O,None
Gran Torino," Not without faults .... but enjoyable nonetheless....
","but I""d be surprised if you don""t see it from a mile off .",7,0,3,12 March 2009,story_plot,3,S,None
Gran Torino," Not without faults .... but enjoyable nonetheless....
","Clint gives plenty of hints as to what""s coming .",7,0,3,12 March 2009,story_plot,3,S,Clint
Gran Torino," Not without faults .... but enjoyable nonetheless....
",For me Gran Torino was an enjoyable watch - slow but engaging - not without faults,7,0,3,12 March 2009,viewing_experience,4,S,None
Gran Torino," Not without faults .... but enjoyable nonetheless....
",but the overall movie misses its mark on too many occasions to be truly considered great . 7/10 .,7,0,3,12 March 2009,viewing_experience,2,S,None
The Illusionist," Sumptuous Movie.....
",I really enjoyed The Illusionist .,8,0,1,18 December 2009,viewing_experience,4,S,None
The Illusionist," Sumptuous Movie.....
","A very well made movie , well acted and a great story .",8,0,1,18 December 2009,acting_performance,5,S,None
The Illusionist," Sumptuous Movie.....
","When I first recorded the movie , I must admit I had my doubts as to its suitability for me .",8,0,1,18 December 2009,expectation,3,S,None
The Illusionist," Sumptuous Movie.....
","I""m not exactly a "" magic man "" type of guy to be honest",8,0,1,18 December 2009,viewing_experience,3,S,None
The Illusionist," Sumptuous Movie.....
",but it soon won me over .,8,0,1,18 December 2009,viewing_experience,4,S,None
The Illusionist," Sumptuous Movie.....
","The pace , look and feel of the movie was splendid .",8,0,1,18 December 2009,technical_visuals,5,S,None
The Illusionist," Sumptuous Movie.....
",A steady pace throughout and the film was shot in a subtle old - fashioned manner which I thoroughly enjoyed .,8,0,1,18 December 2009,editing_pacing,4,S,None
The Illusionist," Sumptuous Movie.....
",Edward Norton - as he is normally - is excellent here .,8,0,1,18 December 2009,acting_performance,5,S,Edward Norton
The Illusionist," Sumptuous Movie.....
","His character a long lost love of a Duchess - the beautiful , radiant Jennifer Biel .",8,0,1,18 December 2009,character_development,3,O,Jennifer Biel
The Illusionist," Sumptuous Movie.....
",I had never seen Biel in anything before this -,8,0,1,18 December 2009,casting_choices,3,O,Biel
The Illusionist," Sumptuous Movie.....
",but she is totally believable here and very pretty indeed .,8,0,1,18 December 2009,acting_performance,5,S,Biel
The Illusionist," Sumptuous Movie.....
",Giamatti - as the police inspector - is great too .,8,0,1,18 December 2009,acting_performance,5,S,Giamatti
The Illusionist," Sumptuous Movie.....
","His demeanour , walk and speech perfectly suited to the times",8,0,1,18 December 2009,character_development,4,S,None
The Illusionist," Sumptuous Movie.....
",and his position within the society of that era .,8,0,1,18 December 2009,character_development,4,S,None
The Illusionist," Sumptuous Movie.....
",That era involving the late 19th century Vienna is yet a further character in the story - exquisitely depicted and the attention to detail is second to none .,8,0,1,18 December 2009,artistic_design,5,S,None
The Illusionist," Sumptuous Movie.....
","The name of the film gives the viewer a strong hint that not all is what it seems here and even though I knew something was going to twist , my enjoyment of the film was not stolen from me as I did not predict the ending .",8,0,1,18 December 2009,story_plot,4,S,None
The Illusionist," Sumptuous Movie.....
",Other - more smarter - people I am sure will see it coming,8,0,1,18 December 2009,expectation,3,S,None
The Illusionist," Sumptuous Movie.....
",but in this instance it is nice to have that little bit of ignorance .,8,0,1,18 December 2009,emotion,3,S,None
The Illusionist," Sumptuous Movie.....
",There are a couple of plot points that maybe could have been expanded on a tad - to fully drive home the story -,8,0,1,18 December 2009,story_plot,2,S,None
The Illusionist," Sumptuous Movie.....
",but I am nitpicking here .,8,0,1,18 December 2009,viewing_experience,3,S,None
The Illusionist," Sumptuous Movie.....
",To me - a superb film with great acting and fabulous sets and a solid story .,8,0,1,18 December 2009,acting_performance,5,S,None
The Illusionist," Sumptuous Movie.....
",What more could you ask for ? 8/10 .,8,0,1,18 December 2009,viewing_experience,3,S,None
Casualties of War," An underrated masterpiece ......
",I like war films when done well .,9,4,5,19 April 2011,genre_style,3,S,None
Casualties of War," An underrated masterpiece ......
","Platoon was fantastic and I""m gon na put Casualties of War right up there with that multi - Oscar winner .",9,4,5,19 April 2011,comparative_analysis,4,S,None
Casualties of War," An underrated masterpiece ......
",That may sound a little haughty from me –,9,4,5,19 April 2011,viewing_experience,3,S,None
Casualties of War," An underrated masterpiece ......
",but this film is deserving of such an accolade .,9,4,5,19 April 2011,recommendation,4,S,None
Casualties of War," An underrated masterpiece ......
","The story is harrowing , the material itself shocking at times – but the overall result is a masterpiece .",9,4,5,19 April 2011,story_plot,5,S,None
Casualties of War," An underrated masterpiece ......
","I won""t go into the plot details here in this review as it has been well covered at this stage",9,4,5,19 April 2011,story_plot,3,O,None
Casualties of War," An underrated masterpiece ......
",but I will go into certain specific elements of the movie .,9,4,5,19 April 2011,story_plot,3,O,None
Casualties of War," An underrated masterpiece ......
",Acting : Fox is fantastic here – never better .,9,4,5,19 April 2011,acting_performance,5,S,Fox
Casualties of War," An underrated masterpiece ......
","Fox is a good actor anyway , we all know that ,",9,4,5,19 April 2011,acting_performance,4,S,Fox
Casualties of War," An underrated masterpiece ......
",but I feel he does not get the credit he deserves sometimes .,9,4,5,19 April 2011,acting_performance,3,S,Fox
Casualties of War," An underrated masterpiece ......
",To some he will always be Marty McFly from the BTTF movies ( to be honest he will be to me too ),9,4,5,19 April 2011,character_development,3,S,Fox
Casualties of War," An underrated masterpiece ......
",but he really puts in a great shift in this flick .,9,4,5,19 April 2011,acting_performance,4,S,Fox
Casualties of War," An underrated masterpiece ......
","His naturalistic , everyman style makes you want to root for him no matter what .",9,4,5,19 April 2011,acting_performance,5,S,Fox
Casualties of War," An underrated masterpiece ......
",He carries the film in my view as the only true upstanding character in the army who sticks by his beliefs no matter what .,9,4,5,19 April 2011,character_development,5,S,Fox
Casualties of War," An underrated masterpiece ......
",Actually – the fact that this incident took place in the Vietnam war is a side issue if you ask me – it could have happened anywhere at any time .,9,4,5,19 April 2011,themes_messages,3,S,None
Casualties of War," An underrated masterpiece ......
","It is truly about humanity""s morality as opposed to being about a war or those who took part in it .",9,4,5,19 April 2011,themes_messages,4,S,None
Casualties of War," An underrated masterpiece ......
",But for me – Fox is terrific .,9,4,5,19 April 2011,acting_performance,5,S,Fox
Casualties of War," An underrated masterpiece ......
",Penn is brilliant too .,9,4,5,19 April 2011,acting_performance,5,S,Penn
Casualties of War," An underrated masterpiece ......
","An angry , tobacco chewing 20 - year old Sarge – dumped in a world of pain and suffering .",9,4,5,19 April 2011,character_development,3,O,None
Casualties of War," An underrated masterpiece ......
",You can see his motivations and where the frustrations have caused him to carry out the horrible act in the film .,9,4,5,19 April 2011,character_development,4,S,None
Casualties of War," An underrated masterpiece ......
","Penn is another brilliant actor in my view – in so far as whenever I see him , I believe he "" is "" the character and not just "" acting "" as that character .",9,4,5,19 April 2011,acting_performance,5,S,Penn
Casualties of War," An underrated masterpiece ......
",Here is the ultimate proof of his abilities .,9,4,5,19 April 2011,acting_performance,5,S,None
Casualties of War," An underrated masterpiece ......
","Some reviewers say that he "" overacts "" a little here –",9,4,5,19 April 2011,acting_performance,3,S,None
Casualties of War," An underrated masterpiece ......
",but to me it is simply his intensity .,9,4,5,19 April 2011,acting_performance,4,S,None
Casualties of War," An underrated masterpiece ......
",The girl who plays the rape victim - Thuy Thu Le - is also terrific .,9,4,5,19 April 2011,acting_performance,5,S,Thuy Thu Le
Casualties of War," An underrated masterpiece ......
",A true testament of finding a talent out there without a background of acting who can turn in a performance amongst the best that Hollywood can offer .,9,4,5,19 April 2011,acting_performance,5,S,None
Casualties of War," An underrated masterpiece ......
","It""s such a pity that this film was her one and only performance .",9,4,5,19 April 2011,acting_performance,3,S,None
Casualties of War," An underrated masterpiece ......
",The rest of the cast varies a little .,9,4,5,19 April 2011,casting_choices,3,O,None
Casualties of War," An underrated masterpiece ......
",Erik King as Brownie hams it up a little in a couple of scenes ( just look at his facial expressions as the unit walks into a Vietnamese village for pure contortion ),9,4,5,19 April 2011,acting_performance,2,S,Erik King
Casualties of War," An underrated masterpiece ......
",but does well in others ( when he gets shot ) .,9,4,5,19 April 2011,acting_performance,4,S,None
Casualties of War," An underrated masterpiece ......
",Don Harvey as Clark is a parody of a evil persona within the movie – an OTT performance .,9,4,5,19 April 2011,acting_performance,2,S,Don Harvey
Casualties of War," An underrated masterpiece ......
",John C Reilly is okay .,9,4,5,19 April 2011,acting_performance,3,S,John C Reilly
Casualties of War," An underrated masterpiece ......
",Ving Rhames is okay .,9,4,5,19 April 2011,acting_performance,3,S,Ving Rhames
Casualties of War," An underrated masterpiece ......
",Leguizamo is good as the conflicted Diaz .,9,4,5,19 April 2011,acting_performance,4,S,John Leguizamo
Casualties of War," An underrated masterpiece ......
","Dale Dye is terrific – intense and totally believable , his one - on - one with Fox superb .",9,4,5,19 April 2011,acting_performance,5,S,Dale Dye
Casualties of War," An underrated masterpiece ......
","Cinematography : De Palma""s style runs through this movie like a river . He is a genius .",9,4,5,19 April 2011,filmmaking_direction,5,S,Brian De Palma
Casualties of War," An underrated masterpiece ......
","The angles he uses ( Fox""s chat with Dye ) , the foreground / background shots ( When Fox is traumatized from Brownie""s shooting in the foreground",9,4,5,19 April 2011,technical_visuals,3,O,None
Casualties of War," An underrated masterpiece ......
","and the background shows the villagers helping the VC soldier to escape ) , the courtroom scene ( where we see the accused soldiers one by one and only ever hear the prosecutor ) , the long tracking shots ( Basecamp Wolf ) and the superb Leone - like close ups ( Fox in the rain ) are all beautiful .",9,4,5,19 April 2011,technical_visuals,5,S,None
Casualties of War," An underrated masterpiece ......
","And there is so much more also – VC tunnels , burned out fields , the kidnapping itself , another background / foreground shot when the girl is stabbed – that are used to tremendous effect .",9,4,5,19 April 2011,technical_visuals,5,S,None
Casualties of War," An underrated masterpiece ......
",The brutal nature of the story and the action is still magnificently displayed through a masterclass of cinema - making techniques from a truly gifted director .,9,4,5,19 April 2011,filmmaking_direction,5,S,None
Casualties of War," An underrated masterpiece ......
","The screenplay , music , production values are all top notch",9,4,5,19 April 2011,writing_dialogue,5,S,None
Casualties of War," An underrated masterpiece ......
",and the story rattles along at a nice pace .,9,4,5,19 April 2011,editing_pacing,4,S,None
Casualties of War," An underrated masterpiece ......
",This is a movie in which anyone who was remotely involved in it could be extremely proud . Well done all .,9,4,5,19 April 2011,viewing_experience,5,S,None
Casualties of War," An underrated masterpiece ......
",9/10 – I deducted the point for the sometimes ropy acting of some of the periphery characters and for one emotional speech from Fox which was simply too preachy and overlong .,9,4,5,19 April 2011,acting_performance,3,S,Fox
Prisoners," A must-see thriller/mystery with excellent acting...
",Prisoners - 9/10 Superb film .,9,0,0,12 May 2017,viewing_experience,5,S,None
Prisoners," A must-see thriller/mystery with excellent acting...
","Great story - line , pacing , acting . It has it all .",9,0,0,12 May 2017,story_plot,5,S,None
Prisoners," A must-see thriller/mystery with excellent acting...
","After I finished watching it , I remarked that it was the best film I""ve seen in a long time .",9,0,0,12 May 2017,viewing_experience,5,S,None
Prisoners," A must-see thriller/mystery with excellent acting...
","And I""ve seen a lot .",9,0,0,12 May 2017,viewing_experience,3,O,None
Prisoners," A must-see thriller/mystery with excellent acting...
",A simplistic plot summary is this : 2 girls go missing near their homes and a frantic search for them primarily from parent Hugh Jackman and detective Jake Gyllenhaal begins .,9,0,0,12 May 2017,story_plot,3,O,"Hugh Jackman, Jake Gyllenhaal"
Prisoners," A must-see thriller/mystery with excellent acting...
","The raw , rough landscape - the washed out grays and browns in the picture - the cold , the rain : all help to make the atmosphere of the film , one of realism and desperation .",9,0,0,12 May 2017,artistic_design,4,S,None
Prisoners," A must-see thriller/mystery with excellent acting...
",There are a few red herrings thrown in here,9,0,0,12 May 2017,story_plot,3,O,None
Prisoners," A must-see thriller/mystery with excellent acting...
",and there as we progress ( or so I thought ),9,0,0,12 May 2017,story_plot,3,O,None
Prisoners," A must-see thriller/mystery with excellent acting...
",but ultimately they all somehow connect ( however tenuously in places ) .,9,0,0,12 May 2017,story_plot,3,S,None
Prisoners," A must-see thriller/mystery with excellent acting...
","As I watched the film , some things happened which I could not see how they related to the overall plot -",9,0,0,12 May 2017,story_plot,3,S,None
Prisoners," A must-see thriller/mystery with excellent acting...
",but a second watch helped out a lot in this regard .,9,0,0,12 May 2017,viewing_experience,3,S,None
Prisoners," A must-see thriller/mystery with excellent acting...
",Some elements of the film were a little strange,9,0,0,12 May 2017,story_plot,3,S,None
Prisoners," A must-see thriller/mystery with excellent acting...
","but the storyteller didn""t skimp on content that""s for sure .",9,0,0,12 May 2017,storytelling,3,S,None
Prisoners," A must-see thriller/mystery with excellent acting...
",He threw everything at this and although richly populated,9,0,0,12 May 2017,story_plot,3,O,None
Prisoners," A must-see thriller/mystery with excellent acting...
",and seemingly unconnected at times - it all adds up in the end . Barely .,9,0,0,12 May 2017,story_plot,3,O,None
Prisoners," A must-see thriller/mystery with excellent acting...
",But it adds up nonetheless .,9,0,0,12 May 2017,story_plot,3,O,None
Prisoners," A must-see thriller/mystery with excellent acting...
","So huge credit is due to the storyteller and the director for bringing us something a little different , a little left - field but the most credit must go to the two main actors .",9,0,0,12 May 2017,filmmaking_direction,4,S,None
Prisoners," A must-see thriller/mystery with excellent acting...
","I""ve never seen Jackman in anything except Wolverine ( not even the X - Men series -",9,0,0,12 May 2017,acting_performance,3,S,Jackman
Prisoners," A must-see thriller/mystery with excellent acting...
",but just the spin off ) and he is what he is in that movie - a mutant wolf - like creature / human .,9,0,0,12 May 2017,character_development,3,S,Jackman
Prisoners," A must-see thriller/mystery with excellent acting...
",He does pretty well as this -,9,0,0,12 May 2017,acting_performance,4,S,Jackman
Prisoners," A must-see thriller/mystery with excellent acting...
",but I must admit I had no idea of his acting chops .,9,0,0,12 May 2017,acting_performance,3,S,Jackman
Prisoners," A must-see thriller/mystery with excellent acting...
","Well , here he shows us in spades .",9,0,0,12 May 2017,acting_performance,5,S,Jackman
Prisoners," A must-see thriller/mystery with excellent acting...
","He""s angry , riled , tired , exhausted , violent , desperate - at times all in the one scene - and portrays it brilliantly .",9,0,0,12 May 2017,acting_performance,5,S,Jackman
Prisoners," A must-see thriller/mystery with excellent acting...
",A little OTT with the wild eyes in one or two scenes -,9,0,0,12 May 2017,acting_performance,2,S,None
Prisoners," A must-see thriller/mystery with excellent acting...
",but that is being picky .,9,0,0,12 May 2017,viewing_experience,3,S,None
Prisoners," A must-see thriller/mystery with excellent acting...
",He held that pent - up and at times unleashed anger throughout the film expertly .,9,0,0,12 May 2017,acting_performance,5,S,None
Prisoners," A must-see thriller/mystery with excellent acting...
",But even Jackman was outdone by Gyllenhaal .,9,0,0,12 May 2017,comparative_analysis,3,S,"Jackman, Gyllenhaal"
Prisoners," A must-see thriller/mystery with excellent acting...
","Now I have seen a lot of this guy""s films ever since his breakthrough in Donnie Darko . He is good . Getting better .",9,0,0,12 May 2017,acting_performance,4,S,None
Prisoners," A must-see thriller/mystery with excellent acting...
",And has a massive future ahead of him .,9,0,0,12 May 2017,acting_performance,4,S,None
Prisoners," A must-see thriller/mystery with excellent acting...
","He can do anything in my opinion , he has it all .",9,0,0,12 May 2017,acting_performance,5,S,None
Prisoners," A must-see thriller/mystery with excellent acting...
","Here , he brings a weird edge to detective Loki - with his neck tattoo , his mason ring , his weird haircut , buttoned up shirts and general worldliness .",9,0,0,12 May 2017,character_development,4,S,None
Prisoners," A must-see thriller/mystery with excellent acting...
","He is a character that without knowing anything about his background or personal life , comes across as a dangerous , slightly unhinged individual with a troubled past , and maybe an even more conflicting future .",9,0,0,12 May 2017,character_development,4,S,None
Prisoners," A must-see thriller/mystery with excellent acting...
","But for now , he""s a cop",9,0,0,12 May 2017,story_plot,3,O,None
Prisoners," A must-see thriller/mystery with excellent acting...
",and a damn good one .,9,0,0,12 May 2017,viewing_experience,4,S,None
Prisoners," A must-see thriller/mystery with excellent acting...
",Gyllenhaal even gives this guy a tick - with the constant eye - blinking - which simply adds to his mystique .,9,0,0,12 May 2017,acting_performance,4,S,Gyllenhaal
Prisoners," A must-see thriller/mystery with excellent acting...
","Tremendous , faultless acting by Gyllenhaal makes him a wonder to watch .",9,0,0,12 May 2017,acting_performance,5,S,Gyllenhaal
Prisoners," A must-see thriller/mystery with excellent acting...
",Not to mention great turns by a creepy Paul Dano and another misfit David Dastmalchian .,9,0,0,12 May 2017,acting_performance,4,S,"Paul Dano, David Dastmalchian"
Prisoners," A must-see thriller/mystery with excellent acting...
",Both extremely convincing and off - putting in equal measure .,9,0,0,12 May 2017,acting_performance,3,O,None
Prisoners," A must-see thriller/mystery with excellent acting...
","Also , an early outing for Dylan Minnette - now , the excellent Clay Jensen from 13 Reasons Why .",9,0,0,12 May 2017,casting_choices,4,S,Dylan Minnette
Prisoners," A must-see thriller/mystery with excellent acting...
",In short - great movie - and without giving away the ending too much - a clincher to finish . A must - see .,9,0,0,12 May 2017,recommendation,5,S,None
The Graduate," Sacrilegious maybe - but i thought it was poor
","I""ve never seen The Graduate until last week .",4,1,3,23 August 2012,expectation,3,O,None
The Graduate," Sacrilegious maybe - but i thought it was poor
","But I knew of it""s reputation - a timeless classic . Apparently .",4,1,3,23 August 2012,expectation,3,O,None
The Graduate," Sacrilegious maybe - but i thought it was poor
",I also looked up the rating on IMDb - 8 . 1 - impressive .,4,1,3,23 August 2012,commercial_context,4,S,None
The Graduate," Sacrilegious maybe - but i thought it was poor
",So I dived right in there to witness what all the fuss was about .,4,1,3,23 August 2012,viewing_experience,3,S,None
The Graduate," Sacrilegious maybe - but i thought it was poor
","I""m sorry but I just don""t see it ? I don""t get it at all .",4,1,3,23 August 2012,emotion,2,S,None
The Graduate," Sacrilegious maybe - but i thought it was poor
","Far from being a classic - I think it is a particularly dumb and totally far fetched movie with strange scenes , dialog , situations and a weird ending .",4,1,3,23 August 2012,story_plot,2,S,None
The Graduate," Sacrilegious maybe - but i thought it was poor
",Okay - the premise seems reasonable at first - a newly graduated young man - Ben ( Hoffman ) - begins an affair with Anne Bancroft ( Mrs. Robinson)- a mature friend of the family .,4,1,3,23 August 2012,story_plot,3,O,None
The Graduate," Sacrilegious maybe - but i thought it was poor
",But then falls for her daughter instead .,4,1,3,23 August 2012,story_plot,3,O,None
The Graduate," Sacrilegious maybe - but i thought it was poor
","Sounds OK - doesn""t it ?",4,1,3,23 August 2012,expectation,3,S,None
The Graduate," Sacrilegious maybe - but i thought it was poor
",But is it executed well ? Not in my opinion .,4,1,3,23 August 2012,acting_performance,2,S,None
The Graduate," Sacrilegious maybe - but i thought it was poor
","Firstly - Mrs. Robinson""s attitude in seducing Benjamin initially is totally incredible and unbelievable .",4,1,3,23 August 2012,story_plot,2,S,None
The Graduate," Sacrilegious maybe - but i thought it was poor
","She is an attractive woman and Ben is young , socially inept around others and not to mention short and geeky looking .",4,1,3,23 August 2012,character_development,3,O,None
The Graduate," Sacrilegious maybe - but i thought it was poor
",Why would she would even bother with him in the first place was my initial thought .,4,1,3,23 August 2012,story_plot,2,S,None
The Graduate," Sacrilegious maybe - but i thought it was poor
",But to persevere after being rebuked several times beggars belief .,4,1,3,23 August 2012,character_development,2,S,None
The Graduate," Sacrilegious maybe - but i thought it was poor
","But the affair happens and thru circumstances - Ben is forced to go on a date with Mrs. Robinson""s daughter Elaine ( Katherine Ross at her most beautiful ) .",4,1,3,23 August 2012,story_plot,3,O,Katherine Ross
The Graduate," Sacrilegious maybe - but i thought it was poor
",Then we are supposed to believe that he falls in love with Elaine at the drop of a hat,4,1,3,23 August 2012,character_development,2,S,None
The Graduate," Sacrilegious maybe - but i thought it was poor
",and wants to marry her ? Ridiculous .,4,1,3,23 August 2012,story_plot,2,S,None
The Graduate," Sacrilegious maybe - but i thought it was poor
",And she wants to marry him too - after he treated her like dirt initially,4,1,3,23 August 2012,character_development,2,S,None
The Graduate," Sacrilegious maybe - but i thought it was poor
",and then she found out that he slept with her mother ? Again ridiculous .,4,1,3,23 August 2012,story_plot,2,S,None
The Graduate," Sacrilegious maybe - but i thought it was poor
","And the ending ? Don""t even get me started on that .",4,1,3,23 August 2012,story_plot,1,S,None
The Graduate," Sacrilegious maybe - but i thought it was poor
","I won""t spoil it here for everyone -",4,1,3,23 August 2012,story_plot,3,O,None
The Graduate," Sacrilegious maybe - but i thought it was poor
",but to say it is laughable is to be generous to it in the extreme .,4,1,3,23 August 2012,story_plot,2,S,None
The Graduate," Sacrilegious maybe - but i thought it was poor
","There are some clever camera tricks all the way through - however the "" snap "" editing of Mrs. Robinson""s nude scene was NOT one of them -",4,1,3,23 August 2012,technical_visuals,2,S,None
The Graduate," Sacrilegious maybe - but i thought it was poor
","but it isn""t enough to save this poor attempt at a story .",4,1,3,23 August 2012,story_plot,2,S,None
The Graduate," Sacrilegious maybe - but i thought it was poor
","Simon and Garfunkel""s music is okay - and maybe I am been too harsh here as I am not a fan of them either - but again the music can only do so much for a film .",4,1,3,23 August 2012,audio_music,3,S,Simon and Garfunkel
The Graduate," Sacrilegious maybe - but i thought it was poor
",In all - and I assume I am in the minority here - I thought the film was shoddy .,4,1,3,23 August 2012,viewing_experience,2,S,None
The Graduate," Sacrilegious maybe - but i thought it was poor
","4/10 and 2 of those points are there for Ross "" looks alone .",4,1,3,23 August 2012,casting_choices,2,S,Ross
Invincible," Rocky on the Football Field
","Who doesn""t like an underdog story ? A story where the hero comes from nothing to make it at the very top . Rocky did it -",8,0,1,20 May 2010,story_plot,4,S,None
Invincible," Rocky on the Football Field
","but that was from the brain of Stallone , a fictional story and character .",8,0,1,20 May 2010,story_plot,3,S,Stallone
Invincible," Rocky on the Football Field
","However , Invincible is about a true life Joe who overcame all the odds to be a pro - football player .",8,0,1,20 May 2010,story_plot,3,O,None
Invincible," Rocky on the Football Field
","I""m from the other side of the pond - Ireland - and football to me means something completely different .",8,0,1,20 May 2010,themes_messages,3,S,None
Invincible," Rocky on the Football Field
",Neither do I have any interest in American football and not much knowledge of the rules / set - plays / special teams etc . Etc .,8,0,1,20 May 2010,themes_messages,3,S,None
Invincible," Rocky on the Football Field
","But this movie transcends all that and delivers a message centered around belief , never giving up on your dream",8,0,1,20 May 2010,themes_messages,4,S,None
Invincible," Rocky on the Football Field
",and most importantly of all - friendship .,8,0,1,20 May 2010,themes_messages,3,O,None
Invincible," Rocky on the Football Field
","Mark Wahlberg is very good in his portrayal of Vince Papale - a 30 year old barman from Philidelphia who makes it on to a professional football team - Eagles - after an open try - out session organised by the new , desperate coach .",8,0,1,20 May 2010,acting_performance,4,S,Mark Wahlberg
Invincible," Rocky on the Football Field
",Wahlberg has really improved in his acting as his career develops .,8,0,1,20 May 2010,acting_performance,4,S,Wahlberg
Invincible," Rocky on the Football Field
","Sure , he has duds ( Planet of the Apes anyone ? )",8,0,1,20 May 2010,acting_performance,2,S,None
Invincible," Rocky on the Football Field
","but he has successes too ( Basketball Diaries , Four Brothers , Shooter ) .",8,0,1,20 May 2010,acting_performance,4,S,None
Invincible," Rocky on the Football Field
",This role is perfect for him .,8,0,1,20 May 2010,casting_choices,4,S,None
Invincible," Rocky on the Football Field
","Even though he looks a little small to be a footballer , it simply adds to his likability .",8,0,1,20 May 2010,casting_choices,4,S,None
Invincible," Rocky on the Football Field
","He is certainly well - built but his hangdog , everyman look fits so easily here that I , as a viewer , could totally buy into the fact that he was a down on his luck , out of work teacher trying hard to make his way in tough times in a tough city .",8,0,1,20 May 2010,acting_performance,5,S,None
Invincible," Rocky on the Football Field
","He plays the role with such respect and pathos - that""s its hard not to root for the guy .",8,0,1,20 May 2010,acting_performance,5,S,None
Invincible," Rocky on the Football Field
",When he eventually makes it - I felt a warm fuzzy feeling inside .,8,0,1,20 May 2010,emotion,4,S,None
Invincible," Rocky on the Football Field
",Mission accomplished from his point of view .,8,0,1,20 May 2010,story_plot,3,O,None
Invincible," Rocky on the Football Field
",The direction of the movie is above average .,8,0,1,20 May 2010,filmmaking_direction,4,S,None
Invincible," Rocky on the Football Field
","First time director Ericson Cole does a good job on the scene setting , football sequences and some nice touches of CGI for some of the stadium shots .",8,0,1,20 May 2010,filmmaking_direction,4,S,Ericson Cole
Invincible," Rocky on the Football Field
","The opening montage depicting life in 1970""s Philly to the backdrop of Jim Croce""s lilting music is a fantastic introduction to the movie .",8,0,1,20 May 2010,audio_music,5,S,Jim Croce
Invincible," Rocky on the Football Field
","I""m sure there are some liberties taken with the "" true "" story",8,0,1,20 May 2010,story_plot,3,S,None
Invincible," Rocky on the Football Field
",but for dramatic effect there has to be - so no complaints here on that score .,8,0,1,20 May 2010,story_plot,3,S,None
Invincible," Rocky on the Football Field
","After all , for me , it is a movie first and a true story second .",8,0,1,20 May 2010,themes_messages,3,S,None
Invincible," Rocky on the Football Field
","Banks does a nice job with her ( slightly underwritten ) part as does all the buddies from Max""s bar .",8,0,1,20 May 2010,acting_performance,4,S,Banks
Invincible," Rocky on the Football Field
",Kinnear too is good as new coach Vermeil .,8,0,1,20 May 2010,acting_performance,4,S,Kinnear
Invincible," Rocky on the Football Field
",But without Wahlberg stepping up to the mark - the whole thing could have gone down the toilet .,8,0,1,20 May 2010,acting_performance,2,S,Wahlberg
Invincible," Rocky on the Football Field
",But he is brilliant here .,8,0,1,20 May 2010,acting_performance,5,S,None
Invincible," Rocky on the Football Field
",Even though Wahlberg has had his troubles down through the years ( I could not stand him as Marky Mark ) he has matured a lot,8,0,1,20 May 2010,character_development,4,S,None
Invincible," Rocky on the Football Field
",and has a little rags to riches flavour about his own life too .,8,0,1,20 May 2010,character_development,3,O,None
Invincible," Rocky on the Football Field
","Yet , he doesn""t seem to act like a movie star .",8,0,1,20 May 2010,acting_performance,3,O,None
Invincible," Rocky on the Football Field
","He projects the image of a quiet , hard working , prepared individual who knows how lucky he is to be where he is today and is not about to get all "" showbusiness "" and lose it all .",8,0,1,20 May 2010,character_development,4,S,None
Invincible," Rocky on the Football Field
","Overall , the movie is an uplifting , inspiring story with some great gravitas and excellent performances .",8,0,1,20 May 2010,story_plot,5,S,None
Invincible," Rocky on the Football Field
","The only quibble I have is the sheer number of scenes in the film which show Wahlberg walking alone down a street , away from the camera .",8,0,1,20 May 2010,editing_pacing,2,S,None
Invincible," Rocky on the Football Field
",Not sure if this was supposed to signify something or not,8,0,1,20 May 2010,themes_messages,3,O,None
Invincible," Rocky on the Football Field
",but it just got a little tiresome after a while .,8,0,1,20 May 2010,editing_pacing,2,S,None
Invincible," Rocky on the Football Field
",However - that is a small gripe .,8,0,1,20 May 2010,viewing_experience,3,S,None
Invincible," Rocky on the Football Field
","The other downside to the film is it""s promotion over in Europe was very low key .",8,0,1,20 May 2010,commercial_context,2,S,None
Invincible," Rocky on the Football Field
",So low key in fact that I do not even remember if it had a cinema release or not .,8,0,1,20 May 2010,commercial_context,3,O,None
Invincible," Rocky on the Football Field
","I know it""s a tough sell because of the American Football element",8,0,1,20 May 2010,commercial_context,3,O,None
Invincible," Rocky on the Football Field
",but the DVD could have been pitched better too .,8,0,1,20 May 2010,commercial_context,2,S,None
Invincible," Rocky on the Football Field
",Not a criticism of the movie per se but rather of the distribution of it .,8,0,1,20 May 2010,commercial_context,3,O,None
Invincible," Rocky on the Football Field
","Great movie , great performances , inspiring stuff . 8/10 .",8,0,1,20 May 2010,viewing_experience,5,S,None
Defiance," Waaaaaay too slow for me.....poor
",I have only ever seen Daniel Craig in one other film - the disappointing Munich -,5,2,5,12 March 2009,acting_performance,2,S,Daniel Craig
Defiance," Waaaaaay too slow for me.....poor
",and wanted to see what the star fuss was about here with this one .,5,2,5,12 March 2009,expectation,3,S,None
Defiance," Waaaaaay too slow for me.....poor
",The answer ? Nothing .,5,2,5,12 March 2009,acting_performance,2,S,None
Defiance," Waaaaaay too slow for me.....poor
","He wasn""t bad here by no means -",5,2,5,12 March 2009,acting_performance,4,S,None
Defiance," Waaaaaay too slow for me.....poor
","but the film let him down and by some mad counter - balancing act , he let the film down too .",5,2,5,12 March 2009,viewing_experience,2,S,None
Defiance," Waaaaaay too slow for me.....poor
",I must also admit to disliking Liev Schreiber as an actor,5,2,5,12 March 2009,acting_performance,2,S,Liev Schreiber
Defiance," Waaaaaay too slow for me.....poor
",but here he was more than good .,5,2,5,12 March 2009,acting_performance,4,S,None
Defiance," Waaaaaay too slow for me.....poor
","In fact , I""ll so far as to say if he had the lead then maybe the film would have been more enjoyable .",5,2,5,12 March 2009,viewing_experience,3,S,None
Defiance," Waaaaaay too slow for me.....poor
","Craig just didn""t seem to fit .",5,2,5,12 March 2009,casting_choices,2,S,Craig
Defiance," Waaaaaay too slow for me.....poor
",He looked exactly like he was - an actor playing a part .,5,2,5,12 March 2009,acting_performance,3,S,None
Defiance," Waaaaaay too slow for me.....poor
","His hair was too perfect , his frame did not look like it missed too many meals , his eyes too pretty - boy for a hardened leader living rough in the woods .",5,2,5,12 March 2009,character_development,2,S,None
Defiance," Waaaaaay too slow for me.....poor
",Schreiber on the other hand looked like a man born to live in the forest,5,2,5,12 March 2009,character_development,3,S,Schreiber
Defiance," Waaaaaay too slow for me.....poor
",and had the ruthlessness in him to kill anything that dared get in his way .,5,2,5,12 March 2009,character_development,3,O,None
Defiance," Waaaaaay too slow for me.....poor
",The storyline involves the desperate attempts of Jews retreating to the forest to escape the certain death from the Germans .,5,2,5,12 March 2009,story_plot,3,O,None
Defiance," Waaaaaay too slow for me.....poor
",Because it is also a true story - then the signs should be good .,5,2,5,12 March 2009,story_plot,3,O,None
Defiance," Waaaaaay too slow for me.....poor
","But the dull , slow - pacing , episodic way that Zwick tells the story is enough to bore you to tears .",5,2,5,12 March 2009,editing_pacing,2,S,Edward Zwick
Defiance," Waaaaaay too slow for me.....poor
",Also the ending is a trifle insulting to be honest .,5,2,5,12 March 2009,story_plot,2,S,None
Defiance," Waaaaaay too slow for me.....poor
","Remember this guy also made The Last Samarai - another slow , poor - ending film .",5,2,5,12 March 2009,comparative_analysis,2,S,Edward Zwick
Defiance," Waaaaaay too slow for me.....poor
","The story centers on the 3 brothers who are the leaders of this group of Jewish survivours - Craig , Screiber and Jamie Bell .",5,2,5,12 March 2009,story_plot,3,O,"Craig, Screiber, Jamie Bell"
Defiance," Waaaaaay too slow for me.....poor
",But Bell gets pushed into the background,5,2,5,12 March 2009,character_development,2,S,Jamie Bell
Defiance," Waaaaaay too slow for me.....poor
",and hardly has anything to do here until a brief flurry near the end .,5,2,5,12 March 2009,story_plot,3,O,None
Defiance," Waaaaaay too slow for me.....poor
",The remainder of the group are for me - two dimensional and stereotypical to really care about .,5,2,5,12 March 2009,character_development,2,S,None
Defiance," Waaaaaay too slow for me.....poor
",And some parts of the movie are downright ridiculous .,5,2,5,12 March 2009,story_plot,2,S,None
Defiance," Waaaaaay too slow for me.....poor
","In an attack on a German Outpost - Schreiber""s character receives multiple gunshots to his body ( in a poorly edited scene by the way ) .",5,2,5,12 March 2009,story_plot,3,O,Schreiber
Defiance," Waaaaaay too slow for me.....poor
","To me I felt sure this meant certain death ,",5,2,5,12 March 2009,emotion,3,S,None
Defiance," Waaaaaay too slow for me.....poor
","but the next day he had his arm in sling , and that was that ! HE HAD BEEN SHOT SEVERAL TIMES AT CLOSE RANGE IN THE CHEST and without any medical supervision he not only survives , but looks stronger than ever .",5,2,5,12 March 2009,story_plot,3,O,None
Defiance," Waaaaaay too slow for me.....poor
","How is that possible ? Even Arnie""s Terminator would have at least flinched a couple of times at this assault .",5,2,5,12 March 2009,comparative_analysis,2,S,None
Defiance," Waaaaaay too slow for me.....poor
","In the end the film was waaaaaaay too slow , not engaging enough",5,2,5,12 March 2009,editing_pacing,2,S,None
Defiance," Waaaaaay too slow for me.....poor
","and despite some strong performances by some of the cast , some nice photography along the way - it just doesn""t gel .",5,2,5,12 March 2009,acting_performance,3,S,None
Defiance," Waaaaaay too slow for me.....poor
",The false Jewish accents coupled with the polish and Russian dialog - hinders rather than helps . Poor . 5/10 .,5,2,5,12 March 2009,acting_performance,2,S,None
The Deer Hunter," Too long, too choppy, not as good as they lead you to believe.....
",The Deer Hunter is one of those revered films out there in critic - land which I have always wanted to see and examine for myself what all the fuss is about .,5,2,4,7 April 2009,expectation,3,S,None
The Deer Hunter," Too long, too choppy, not as good as they lead you to believe.....
",The DVD presentations - Special Edition / Ultimate Edition / Bonus Discs etc .,5,2,4,7 April 2009,commercial_context,3,O,None
The Deer Hunter," Too long, too choppy, not as good as they lead you to believe.....
",- almost tease you into buying it .,5,2,4,7 April 2009,commercial_context,3,S,None
The Deer Hunter," Too long, too choppy, not as good as they lead you to believe.....
",Thank God I caught it on TV instead .,5,2,4,7 April 2009,viewing_experience,3,S,None
The Deer Hunter," Too long, too choppy, not as good as they lead you to believe.....
",The winner of the Best Picture Oscar in 1978 is a disappointment to me .,5,2,4,7 April 2009,viewing_experience,2,S,None
The Deer Hunter," Too long, too choppy, not as good as they lead you to believe.....
","I""ll try to articulate why : 1 .",5,2,4,7 April 2009,viewing_experience,3,S,None
The Deer Hunter," Too long, too choppy, not as good as they lead you to believe.....
",The actors - this is a misnomer - there are no problems here .,5,2,4,7 April 2009,acting_performance,5,S,None
The Deer Hunter," Too long, too choppy, not as good as they lead you to believe.....
",De Niro is good and Walken too .,5,2,4,7 April 2009,acting_performance,4,S,"De Niro, Walken"
The Deer Hunter," Too long, too choppy, not as good as they lead you to believe.....
","Both have their own head - jerking , body - twitching thing going on there",5,2,4,7 April 2009,acting_performance,3,S,"De Niro, Walken"
The Deer Hunter," Too long, too choppy, not as good as they lead you to believe.....
",but they are solid - even if they do look off screen at some non - existent object quite a lot .,5,2,4,7 April 2009,acting_performance,4,S,"De Niro, Walken"
The Deer Hunter," Too long, too choppy, not as good as they lead you to believe.....
","But I must admit De Niro did start to grate on me as the film wore on - the mono - syllabic grunts , the thousand yards stares all get a little tiresome after 3 hours .",5,2,4,7 April 2009,acting_performance,2,S,De Niro
The Deer Hunter," Too long, too choppy, not as good as they lead you to believe.....
",But as problems lie - acting was not one of them . 2 .,5,2,4,7 April 2009,acting_performance,4,S,None
The Deer Hunter," Too long, too choppy, not as good as they lead you to believe.....
","The story - For me the story of friends joining the army , fighting in Vietnam and then returning to the world broken men - if they return at all - is interesting",5,2,4,7 April 2009,story_plot,4,S,None
The Deer Hunter," Too long, too choppy, not as good as they lead you to believe.....
",and the Russian roulette element adds a definite spice .,5,2,4,7 April 2009,story_plot,4,S,None
The Deer Hunter," Too long, too choppy, not as good as they lead you to believe.....
","However - the movie is just way too long , too drawn out and too clippy in the scene cuts .",5,2,4,7 April 2009,editing_pacing,2,S,None
The Deer Hunter," Too long, too choppy, not as good as they lead you to believe.....
",There is lots of time invested in the build up of the characters,5,2,4,7 April 2009,character_development,3,O,None
The Deer Hunter," Too long, too choppy, not as good as they lead you to believe.....
",but wasted in my opinion as it never drives on the narrative .,5,2,4,7 April 2009,story_plot,2,S,None
The Deer Hunter," Too long, too choppy, not as good as they lead you to believe.....
",The wedding scenes are a prime example - you can fast - forward these wedding scenes completely and not miss a beat of the story .,5,2,4,7 April 2009,story_plot,2,S,None
The Deer Hunter," Too long, too choppy, not as good as they lead you to believe.....
",The fact there was a wedding at all serves the purpose -,5,2,4,7 April 2009,story_plot,3,O,None
The Deer Hunter," Too long, too choppy, not as good as they lead you to believe.....
","but to show dancing , drinking for over 20 minutes is lazy . 3 .",5,2,4,7 April 2009,story_plot,2,S,None
The Deer Hunter," Too long, too choppy, not as good as they lead you to believe.....
",Pacing - so slow it almost stops .,5,2,4,7 April 2009,editing_pacing,2,S,None
The Deer Hunter," Too long, too choppy, not as good as they lead you to believe.....
","And when we do get to some action - Russian roulette scenes - we simply arrive there out of the blue , do the action and get out as quickly as possible .",5,2,4,7 April 2009,story_plot,3,O,None
The Deer Hunter," Too long, too choppy, not as good as they lead you to believe.....
",After spending far too much time with a irrelevant wedding - we jump in and out of the torture scenes with incredible speed . 4 . Reality .,5,2,4,7 April 2009,story_plot,2,S,None
The Deer Hunter," Too long, too choppy, not as good as they lead you to believe.....
","Now I don""t know much about war or armies or anything but a few things stand out here .",5,2,4,7 April 2009,story_plot,3,O,None
The Deer Hunter," Too long, too choppy, not as good as they lead you to believe.....
","The guys get wasted the night before they fly out to Vietnam ? No training ? They all end up in the same platoon ? With their long hair still intact ? De Niro""s character in particular seems to be able to do what he wants , when he wants",5,2,4,7 April 2009,story_plot,2,S,Robert De Niro
The Deer Hunter," Too long, too choppy, not as good as they lead you to believe.....
",and answers to no - one .,5,2,4,7 April 2009,story_plot,3,O,None
The Deer Hunter," Too long, too choppy, not as good as they lead you to believe.....
",He walks around Vietnam alone ? Grows a beard in the army ? Goes home to the US,5,2,4,7 April 2009,story_plot,2,S,None
The Deer Hunter," Too long, too choppy, not as good as they lead you to believe.....
","and then decides to go back to find Nick ? How - on Uncle Sam""s meal ticket ? He arrives in Saigon when every man and his dog are killing each other to get out ? He finds Nick in a city of millions without a second thought ? He has money to burn - paying 1500 dollars to get into a barn ? What ? What""s going on here ? De Niro seems to live in a universe where there are no limitations on travel / money / relationships / pain / injury .",5,2,4,7 April 2009,story_plot,2,S,Robert De Niro
The Deer Hunter," Too long, too choppy, not as good as they lead you to believe.....
","Also De Niro was supposed to have humped crippled Stevie through the Jungle to "" civilization "" , only to dump him on the hood of a jeep and walk away ? 5 .",5,2,4,7 April 2009,story_plot,2,S,Robert De Niro
The Deer Hunter," Too long, too choppy, not as good as they lead you to believe.....
",Coincidences - De Niro seems to be a Green Beret - how did this happen ? His buddies look like ordinary grunts,5,2,4,7 April 2009,story_plot,2,S,Robert De Niro
The Deer Hunter," Too long, too choppy, not as good as they lead you to believe.....
",yet they all joined together .,5,2,4,7 April 2009,story_plot,3,O,None
The Deer Hunter," Too long, too choppy, not as good as they lead you to believe.....
","Nick and Steve just happen along De Niro in the Vietnamese jungle when they jump from a chopper ? What""s the odds on that ? 3 bullets in the gun which never goes off when it is pointed at their own heads -",5,2,4,7 April 2009,story_plot,2,S,None
The Deer Hunter," Too long, too choppy, not as good as they lead you to believe.....
",but which fires every time it is pointed at a bad guy ? Convenient .,5,2,4,7 April 2009,story_plot,2,S,None
The Deer Hunter," Too long, too choppy, not as good as they lead you to believe.....
",Too many things to mention here that just happen for the sake of it . 6 .,5,2,4,7 April 2009,story_plot,2,S,None
The Deer Hunter," Too long, too choppy, not as good as they lead you to believe.....
",Editing - even at 3 + hours - the finished product looks chopped to pieces in the editing room .,5,2,4,7 April 2009,editing_pacing,2,S,None
The Deer Hunter," Too long, too choppy, not as good as they lead you to believe.....
",Plus the scene that promotes the name of the film - The Deer Hunter - seems tacked on and looks completely out of place .,5,2,4,7 April 2009,story_plot,2,S,None
The Deer Hunter," Too long, too choppy, not as good as they lead you to believe.....
","It is almost as if they didn""t know what to call the movie - invented this monicker -",5,2,4,7 April 2009,story_plot,3,O,None
The Deer Hunter," Too long, too choppy, not as good as they lead you to believe.....
",and filmed a quick couple of scenes to back it up .,5,2,4,7 April 2009,story_plot,3,O,None
The Deer Hunter," Too long, too choppy, not as good as they lead you to believe.....
",I am not sure how this film is in the top 250 .,5,2,4,7 April 2009,viewing_experience,2,S,None
The Deer Hunter," Too long, too choppy, not as good as they lead you to believe.....
",Cimino has proved since that he was not up to it as a filmmaker .,5,2,4,7 April 2009,filmmaking_direction,2,S,Cimino
The Deer Hunter," Too long, too choppy, not as good as they lead you to believe.....
","This is an overlong , slow , muddled movie which does not deserve the glory bestowed upon it . 5/10 .",5,2,4,7 April 2009,viewing_experience,2,S,None
The Fighter," The Fighter packs a hell of a punch...
",Ever since it was announced that Wahlberg was trying to get this film made -,8,3,3,14 February 2011,commercial_context,3,O,Wahlberg
The Fighter," The Fighter packs a hell of a punch...
",and that was a looooooong time ago at this stage - I have been eagerly awaiting the arrival of this film .,8,3,3,14 February 2011,expectation,4,S,None
The Fighter," The Fighter packs a hell of a punch...
",I was not disappointed .,8,3,3,14 February 2011,viewing_experience,4,S,None
The Fighter," The Fighter packs a hell of a punch...
",Not to re - hash the story too much,8,3,3,14 February 2011,story_plot,3,O,None
The Fighter," The Fighter packs a hell of a punch...
","but this is a real life story of Boston boxer "" Irish "" Micky Ward and the struggles with his career , personal and family life in the mid-90s .",8,3,3,14 February 2011,story_plot,3,O,None
The Fighter," The Fighter packs a hell of a punch...
","Wahlberg is Micky Ward and Bale plays his crack addicted , squirrelly brother Dicky Eklund .",8,3,3,14 February 2011,casting_choices,3,O,"Wahlberg, Bale"
The Fighter," The Fighter packs a hell of a punch...
","The style of the film is more realistic than the likes of "" Rocky "" , "" Raging Bull "" and other fight films .",8,3,3,14 February 2011,genre_style,3,O,None
The Fighter," The Fighter packs a hell of a punch...
",It has some nice HBO TV style fight scenes which is shot is a clearer presentation akin to watching the bouts on prime - time television .,8,3,3,14 February 2011,technical_visuals,4,S,None
The Fighter," The Fighter packs a hell of a punch...
","But the meat of the story and the conflict is not in Micky""s quest to achieve a world title -",8,3,3,14 February 2011,story_plot,3,O,None
The Fighter," The Fighter packs a hell of a punch...
",but in his ultimately uncomfortable relationship he has with his family .,8,3,3,14 February 2011,story_plot,3,O,None
The Fighter," The Fighter packs a hell of a punch...
","7 girls , 2 boys , 2 fathers and 1 mother is a hell of a mix in a poor neighbourhood .",8,3,3,14 February 2011,story_plot,3,O,None
The Fighter," The Fighter packs a hell of a punch...
","Add to that Micky""s mother is also his manager , his brother is his coach , his father also a coach and you see how complicated this could become .",8,3,3,14 February 2011,story_plot,3,O,None
The Fighter," The Fighter packs a hell of a punch...
",Micky is essentially the meal ticket for the entire clan .,8,3,3,14 February 2011,character_development,3,O,None
The Fighter," The Fighter packs a hell of a punch...
",Performances : Bale is terrific .,8,3,3,14 February 2011,acting_performance,5,S,Bale
The Fighter," The Fighter packs a hell of a punch...
","If he doesn""t get the Best Supporting Actor Oscar this year , then I""ll eat my left shoe .",8,3,3,14 February 2011,expectation,3,S,None
The Fighter," The Fighter packs a hell of a punch...
","( I might regret that last statement as Geoffrey Rush seems to be swooping that accolade for "" The King""s Speech "" )",8,3,3,14 February 2011,acting_performance,3,S,Geoffrey Rush
The Fighter," The Fighter packs a hell of a punch...
",But nonetheless - Bale deserves it .,8,3,3,14 February 2011,acting_performance,5,S,Bale
The Fighter," The Fighter packs a hell of a punch...
","His portrayal of a crack addicted , might - have - been is spot on .",8,3,3,14 February 2011,acting_performance,5,S,None
The Fighter," The Fighter packs a hell of a punch...
","Twitchy , wide - eyed , slurred but his stint in prison and the viewing of his so called "" comeback "" documentary straightened him out and made him realise what is important . Family . His brother .",8,3,3,14 February 2011,character_development,4,S,None
The Fighter," The Fighter packs a hell of a punch...
",Adams is a ballsy character too - she has to be to survive in this environment .,8,3,3,14 February 2011,character_development,4,S,Adams
The Fighter," The Fighter packs a hell of a punch...
",A strong woman who stands up for herself and her man against a formidable family group .,8,3,3,14 February 2011,character_development,4,S,None
The Fighter," The Fighter packs a hell of a punch...
","I didn""t know anything about Adams previous to this film",8,3,3,14 February 2011,character_development,3,S,Adams
The Fighter," The Fighter packs a hell of a punch...
",but she seems to have that slightly grubby yet likable nature about her .,8,3,3,14 February 2011,character_development,4,S,None
The Fighter," The Fighter packs a hell of a punch...
",Leo as the mother / manager is a tough piece of work also .,8,3,3,14 February 2011,character_development,3,O,Leo
The Fighter," The Fighter packs a hell of a punch...
",The family actually reminds me of so many families that I grew up with and in - that even though you know it is exaggerated on screen - there are many veins of truth running through it .,8,3,3,14 February 2011,character_development,4,S,None
The Fighter," The Fighter packs a hell of a punch...
",Lastly - but not least - Wahlberg himself .,8,3,3,14 February 2011,acting_performance,3,O,Wahlberg
The Fighter," The Fighter packs a hell of a punch...
","He has such a quiet way about him that even though he is a tough cookie , grew up in VERY similar circumstances to Ward",8,3,3,14 February 2011,character_development,4,S,None
The Fighter," The Fighter packs a hell of a punch...
",and portrays a hardy boxer with a physique to match any professional - he remains an enigma .,8,3,3,14 February 2011,character_development,4,S,None
The Fighter," The Fighter packs a hell of a punch...
",He comes across as a truly nice guy - both on screen and in real life .,8,3,3,14 February 2011,character_development,4,S,None
The Fighter," The Fighter packs a hell of a punch...
","Even though he has had his brushes with the law ( most famously his own stint in jail for a racist assault which resulted in his victim being left permanently blind in one eye ) , he really seems to have his life on track .",8,3,3,14 February 2011,character_development,3,O,None
The Fighter," The Fighter packs a hell of a punch...
","Successful actor , producer , father and husband is a testament to his ability to stay the track .",8,3,3,14 February 2011,character_development,4,S,None
The Fighter," The Fighter packs a hell of a punch...
",Here - his performance is an understated one,8,3,3,14 February 2011,acting_performance,4,S,None
The Fighter," The Fighter packs a hell of a punch...
",but still packs a punch amidst the other more animated characters .,8,3,3,14 February 2011,acting_performance,4,S,None
The Fighter," The Fighter packs a hell of a punch...
",He is the soul of the film both on the screen and in the background trying to get the thing made .,8,3,3,14 February 2011,character_development,4,S,None
The Fighter," The Fighter packs a hell of a punch...
",None of the honours mention him,8,3,3,14 February 2011,story_plot,2,S,None
The Fighter," The Fighter packs a hell of a punch...
",but he knows deep down he has made something to be very proud of .,8,3,3,14 February 2011,themes_messages,4,S,None
The Fighter," The Fighter packs a hell of a punch...
","Well done Marky Mark - you""ve come a long way from the Funky Bunch .",8,3,3,14 February 2011,acting_performance,5,S,Marky Mark
The Fighter," The Fighter packs a hell of a punch...
","Overall - I""ll score this 8/10 .",8,3,3,14 February 2011,viewing_experience,4,S,None
The Fighter," The Fighter packs a hell of a punch...
","Some scenes a little slow to boil , some "" patchy "" dialogue in places but overall it""s heart is in the right place .",8,3,3,14 February 2011,editing_pacing,3,S,None
